2019年北京房价,60027元/O
2019年深圳房价,54346元/O
2019年上海房价,50167元/O
2019年厦门房价,45071元/O
2019年广州房价,32244元/O
2019年三亚房价,29622元/O
2019年南京房价,28772元/O
2019年杭州房价,28663元/O
2019年福州房价,25016元/O
2019年天津房价,22227元/O
2019年宁波房价,21326元/O
2019年珠海房价,21192元/O
2019年义乌房价,20061元/O
2019年温州房价,19471元/O
2019年苏州房价,18535元/O
2019年青岛房价,17796元/O
2019年瑞安房价,17220元/O
2019年武汉房价,17204元/O
2019年济南房价,17160元/O
2019年舟山房价,16619元/O
2019年金华房价,16123元/O
2019年石家庄房价,15864元/O
2019年东莞房价,15697元/O
2019年海口房价,15146元/O
2019年昆山房价,14982元/O
2019年绍兴房价,14838元/O
2019年廊坊房价,14549元/O
2019年合肥房价,14301元/O
2019年常州房价,14027元/O
2019年台州房价,13923元/O
2019年郑州房价,13829元/O
2019年正定房价,13752元/O
2019年衢州房价,13495元/O
2019年成都房价,13387元/O
2019年大连房价,12967元/O
2019年大理房价,12754元/O
2019年扬州房价,12713元/O
2019年西安房价,12623元/O
2019年昆明房价,12566元/O
2019年漳州房价,12475元/O
2019年南昌房价,12441元/O
2019年莆田房价,12346元/O
2019年兰州房价,12315元/O
2019年南通房价,12216元/O
2019年太原房价,12095元/O
2019年重庆房价,12023元/O
2019年无锡房价,11948元/O
2019年佛山房价,11920元/O
2019年嘉兴房价,11872元/O
2019年乐清房价,11851元/O
2019年拉萨房价,11840元/O
2019年中山房价,11244元/O
2019年呼和浩特房价,11182元/O
2019年泉州房价,11091元/O
2019年湖州房价,11049元/O
2019年南宁房价,10941元/O
2019年香港房价,10937元/O
2019年泰安房价,10918元/O
2019年保定房价,10907元/O
2019年武夷山房价,10656元/O
2019年泰州房价,10649元/O
2019年龙岩房价,10602元/O
2019年徐州房价,10426元/O
2019年长沙房价,10418元/O
2019年威海房价,10123元/O
2019年秦皇岛房价,10014元/O
2019年哈尔滨房价,9999元/O
2019年聊城房价,9996元/O
2019年烟台房价,9980元/O
2019年芜湖房价,9965元/O
2019年惠州房价,9938元/O
2019年顺德房价,9832元/O
2019年邯郸房价,9831元/O
2019年丽水房价,9734元/O
2019年天水房价,9594元/O
2019年镇江房价,9579元/O
2019年长春房价,9577元/O
2019年巢湖房价,9547元/O
2019年宁德房价,9485元/O
2019年沈阳房价,9481元/O
2019年沧州房价,9462元/O
2019年贵阳房价,9315元/O
2019年张家口房价,9305元/O
2019年章丘房价,9206元/O
2019年承德房价,9197元/O
2019年凉山房价,9178元/O
2019年三明房价,9092元/O
2019年赤峰房价,9080元/O
2019年盐城房价,9067元/O
2019年襄阳房价,8939元/O
2019年汕头房价,8795元/O
2019年日照房价,8792元/O
2019年西双版纳房价,8748元/O
2019年池州房价,8701元/O
2019年黄山房价,8680元/O
2019年连云港房价,8630元/O
2019年柳州房价,8627元/O
2019年大丰房价,8616元/O
2019年安庆房价,8571元/O
2019年唐山房价,8520元/O
2019年宜昌房价,8452元/O
2019年林芝房价,8450元/O
2019年淮安房价,8415元/O
2019年洛阳房价,8367元/O
2019年淄博房价,8317元/O
2019年南平房价,8210元/O
2019年沭阳房价,8182元/O
2019年阜阳房价,8159元/O
2019年德州房价,8153元/O
2019年宣城房价,8143元/O
2019年宿迁房价,8111元/O
2019年邢台房价,8107元/O
2019年西宁房价,8089元/O
2019年赣州房价,8073元/O
2019年海南房价,8073元/O
2019年保山房价,8033元/O
2019年乌鲁木齐房价,8000元/O
2019年陇南房价,7885元/O
2019年铜陵房价,7850元/O
2019年吉安房价,7837元/O
2019年东营房价,7818元/O
2019年晋中房价,7809元/O
2019年滨州房价,7701元/O
2019年丽江房价,7674元/O
2019年衡水房价,7645元/O
2019年玉溪房价,7643元/O
2019年绵阳房价,7620元/O
2019年晋城房价,7613元/O
2019年潮州房价,7612元/O
2019年长治房价,7597元/O
2019年南阳房价,7588元/O
2019年包头房价,7552元/O
2019年六安房价,7517元/O
2019年庆阳房价,7489元/O
2019年济宁房价,7476元/O
2019年诸城房价,7420元/O
2019年台山房价,7305元/O
2019年瓦房店房价,7288元/O
2019年上饶房价,7226元/O
2019年抚州房价,7207元/O
2019年江门房价,7200元/O
2019年肇庆房价,7169元/O
2019年吉林房价,7131元/O
2019年定州房价,7102元/O
2019年茂名房价,7069元/O
2019年临沂房价,7069元/O
2019年汕尾房价,7043元/O
2019年濮阳房价,7034元/O
2019年咸阳房价,7032元/O
2019年临沧房价,6996元/O
2019年清远房价,6954元/O
2019年宜春房价,6884元/O
2019年莱芜房价,6880元/O
2019年潍坊房价,6875元/O
2019年岳阳房价,6852元/O
2019年九江房价,6839元/O
2019年宜宾房价,6808元/O
2019年北海房价,6786元/O
2019年开封房价,6775元/O
2019年鹤壁房价,6759元/O
2019年广元房价,6733元/O
2019年达州房价,6717元/O
2019年新乡房价,6700元/O
2019年蚌埠房价,6688元/O
2019年普洱房价,6687元/O
2019年桂林房价,6685元/O
2019年张家界房价,6667元/O
2019年湛江房价,6633元/O
2019年平凉房价,6629元/O
2019年德宏房价,6626元/O
2019年枣庄房价,6616元/O
2019年南充房价,6616元/O
2019年马鞍山房价,6599元/O
2019年滁州房价,6566元/O
2019年丹东房价,6552元/O
2019年常德房价,6528元/O
2019年鄂尔多斯房价,6525元/O
2019年武威房价,6515元/O
2019年遂宁房价,6489元/O
2019年信阳房价,6429元/O
2019年通辽房价,6418元/O
2019年黄石房价,6402元/O
2019年宿州房价,6393元/O
2019年许昌房价,6388元/O
2019年淮北房价,6362元/O
2019年资阳房价,6357元/O
2019年云浮房价,6347元/O
2019年泸州房价,6297元/O
2019年恩施房价,6287元/O
2019年济源房价,6266元/O
2019年贵港房价,6257元/O
2019年景德镇房价,6220元/O
2019年榆林房价,6204元/O
2019年遵义房价,6202元/O
2019年亳州房价,6184元/O
2019年荆州房价,6181元/O
2019年鹰潭房价,6179元/O
2019年眉山房价,6174元/O
2019年株洲房价,6136元/O
2019年贺州房价,6122元/O
2019年内江房价,6105元/O
2019年永州房价,6016元/O
2019年河源房价,5992元/O
2019年昭通房价,5989元/O
2019年郴州房价,5930元/O
2019年张北房价,5897元/O
2019年梅州房价,5897元/O
2019年霍邱房价,5893元/O
2019年黔东南房价,5878元/O
2019年延安房价,5871元/O
2019年十堰房价,5869元/O
2019年雅安房价,5855元/O
2019年阳江房价,5845元/O
2019年揭阳房价,5841元/O
2019年菏泽房价,5838元/O
2019年桐城房价,5820元/O
2019年安阳房价,5802元/O
2019年乐山房价,5771元/O
2019年防城港房价,5736元/O
2019年淮南房价,5732元/O
2019年鄂州房价,5727元/O
2019年德阳房价,5700元/O
2019年昌吉房价,5663元/O
2019年驻马店房价,5655元/O
2019年白银房价,5649元/O
2019年垦利房价,5634元/O
2019年仙桃房价,5592元/O
2019年孝感房价,5569元/O
2019年定西房价,5569元/O
2019年玉林房价,5530元/O
2019年漯河房价,5513元/O
2019年兴安盟房价,5508元/O
2019年巴彦淖尔市房价,5504元/O
2019年铜川房价,5479元/O
2019年广安房价,5454元/O
2019年石河子房价,5444元/O
2019年怀化房价,5439元/O
2019年新余房价,5428元/O
2019年牡丹江房价,5421元/O
2019年齐齐哈尔房价,5412元/O
2019年酒泉房价,5408元/O
2019年葫芦岛房价,5405元/O
2019年平顶山房价,5394元/O
2019年天门房价,5387元/O
2019年银川房价,5370元/O
2019年临汾房价,5365元/O
2019年自贡房价,5348元/O
2019年忻州房价,5344元/O
2019年本溪房价,5319元/O
2019年延边房价,5315元/O
2019年湘潭房价,5297元/O
2019年湘西房价,5248元/O
2019年韶关房价,5247元/O
2019年娄底房价,5243元/O
2019年攀枝花房价,5242元/O
2019年随州房价,5234元/O
2019年安顺房价,5227元/O
2019年临夏房价,5220元/O
2019年楚雄房价,5201元/O
2019年大同房价,5197元/O
2019年黄冈房价,5186元/O
2019年阳春房价,5184元/O
2019年铜仁房价,5173元/O
2019年通化房价,5160元/O
2019年益阳房价,5155元/O
2019年大庆房价,5148元/O
2019年邵阳房价,5131元/O
2019年安康房价,5126元/O
2019年曲靖房价,5123元/O
2019年文山房价,5114元/O
2019年锦州房价,5103元/O
2019年潜江房价,5093元/O
2019年四平房价,5069元/O
2019年三门峡房价,5058元/O
2019年六盘水房价,5046元/O
2019年衡阳房价,5044元/O
2019年渭南房价,5041元/O
2019年喀什房价,5027元/O
2019年商丘房价,5026元/O
2019年崇左房价,5025元/O
2019年乌兰察布房价,5001元/O
2019年荆门房价,4971元/O
2019年汉中房价,4969元/O
2019年黔南房价,4967元/O
2019年伊犁房价,4958元/O
2019年梧州房价,4954元/O
2019年乌海房价,4944元/O
2019年萍乡房价,4939元/O
2019年白城房价,4931元/O
2019年宝鸡房价,4892元/O
2019年鄢陵房价,4868元/O
2019年迪庆房价,4860元/O
2019年周口房价,4860元/O
2019年运城房价,4834元/O
2019年巴中房价,4832元/O
2019年红河房价,4818元/O
2019年长葛房价,4807元/O
2019年克拉玛依房价,4800元/O
2019年焦作房价,4768元/O
2019年毕节房价,4761元/O
2019年锡林郭勒盟房价,4757元/O
2019年商洛房价,4742元/O
2019年百色房价,4721元/O
2019年禹州房价,4719元/O
2019年伊春房价,4713元/O
2019年河池房价,4692元/O
2019年辽阳房价,4678元/O
2019年营口房价,4665元/O
2019年朝阳房价,4642元/O
2019年吕梁房价,4642元/O
2019年辽源房价,4600元/O
2019年海拉尔房价,4584元/O
2019年抚顺房价,4556元/O
2019年佳木斯房价,4555元/O
2019年松原房价,4548元/O
2019年来宾房价,4510元/O
2019年钦州房价,4505元/O
2019年吴忠房价,4468元/O
2019年咸宁房价,4407元/O
2019年固原房价,4389元/O
2019年鞍山房价,4359元/O
2019年嘉峪关房价,4358元/O
2019年阳泉房价,4358元/O
2019年金昌房价,4324元/O
2019年呼伦贝尔房价,4260元/O
2019年五家渠房价,4255元/O
2019年黔西南房价,4225元/O
2019年和县房价,4165元/O
2019年白山房价,4122元/O
2019年盘锦房价,4110元/O
2019年中卫房价,4040元/O
2019年黑河房价,3970元/O
2019年铁岭房价,3941元/O
2019年博尔塔拉房价,3908元/O
2019年鸡西房价,3832元/O
2019年绥化房价,3791元/O
2019年哈密房价,3771元/O
2019年阿克苏房价,3730元/O
2019年巴音郭楞房价,3725元/O
2019年朔州房价,3712元/O
2019年阜新房价,3699元/O
2019年张掖房价,3520元/O
2019年七台河房价,3385元/O
2019年大兴安岭房价,3362元/O
2019年石嘴山房价,2904元/O
2019年双鸭山房价,2842元/O
2019年鹤岗房价,1812元/O
